date,code,market,volume_shares
2026-09-14,0050,上市,91951392
2026-09-15,0050,上市,63373313
2026-09-16,0050,上市,72446738
2026-09-17,0050,上市,49931752
2026-09-18,0050,上市,86731065
2026-09-21,0050,上市,86731065
2026-09-14,0052,上市,11505257
2026-09-15,0052,上市,10671485
2026-09-16,0052,上市,12286071
2026-09-17,0052,上市,11729608
2026-09-18,0052,上市,16624775
2026-09-21,0052,上市,16624775
2026-09-14,0056,上市,18893508
2026-09-15,0056,上市,25385973
2026-09-16,0056,上市,17447308
2026-09-17,0056,上市,26260542
2026-09-18,0056,上市,19305390
2026-09-21,0056,上市,19305390
2026-09-14,1101,上市,35778533
2026-09-15,1101,上市,20277886
2026-09-16,1101,上市,18247875
2026-09-17,1101,上市,23063655
2026-09-18,1101,上市,22255754
2026-09-21,1101,上市,22255754
2026-09-14,1102,上市,5772878
2026-09-15,1102,上市,5120946
2026-09-16,1102,上市,5340789
2026-09-17,1102,上市,9655743
2026-09-18,1102,上市,10128633
2026-09-21,1102,上市,10128633
2026-09-14,1210,上市,1310319
2026-09-15,1210,上市,1335950
2026-09-16,1210,上市,1348078
2026-09-17,1210,上市,685412
2026-09-18,1210,上市,1940702
2026-09-21,1210,上市,1940702
2026-09-14,1216,上市,9395978
2026-09-15,1216,上市,10616868
2026-09-16,1216,上市,7214403
2026-09-17,1216,上市,9416599
2026-09-18,1216,上市,17030035
2026-09-21,1216,上市,17030035
2026-09-14,1301,上市,23847845
2026-09-15,1301,上市,17895998
2026-09-16,1301,上市,18778277
2026-09-17,1301,上市,26190059
2026-09-18,1301,上市,29305397
2026-09-21,1301,上市,29305397
2026-09-14,1303,上市,54948757
2026-09-15,1303,上市,55715933
2026-09-16,1303,上市,48008257
2026-09-17,1303,上市,92909712
2026-09-18,1303,上市,82174219
2026-09-21,1303,上市,82174219
2026-09-14,1312,上市,9453345
2026-09-15,1312,上市,9867693
2026-09-16,1312,上市,14773724
2026-09-17,1312,上市,17167705
2026-09-18,1312,上市,14207755
2026-09-21,1312,上市,14207755
2026-09-14,1314,上市,15174574
2026-09-15,1314,上市,12078524
2026-09-16,1314,上市,17974530
2026-09-17,1314,上市,128600273
2026-09-18,1314,上市,151096127
2026-09-21,1314,上市,151096127
2026-09-14,1319,上市,714900
2026-09-15,1319,上市,950303
2026-09-16,1319,上市,2168326
2026-09-17,1319,上市,1163285
2026-09-18,1319,上市,1228066
2026-09-21,1319,上市,1228066
2026-09-14,1326,上市,27922318
2026-09-15,1326,上市,23789944
2026-09-16,1326,上市,15902772
2026-09-17,1326,上市,24043657
2026-09-18,1326,上市,24373131
2026-09-21,1326,上市,24373131
2026-09-14,1402,上市,8417098
2026-09-15,1402,上市,9055012
2026-09-16,1402,上市,11778604
2026-09-17,1402,上市,11978020
2026-09-18,1402,上市,17306879
2026-09-21,1402,上市,17306879
2026-09-14,1440,上市,908353
2026-09-15,1440,上市,1700760
2026-09-16,1440,上市,2474429
2026-09-17,1440,上市,2744843
2026-09-18,1440,上市,1162303
2026-09-21,1440,上市,1162303
2026-09-14,1476,上市,783272
2026-09-15,1476,上市,1039100
2026-09-16,1476,上市,1088777
2026-09-17,1476,上市,1077099
2026-09-18,1476,上市,1103191
2026-09-21,1476,上市,1103191
2026-09-14,1477,上市,683737
2026-09-15,1477,上市,726664
2026-09-16,1477,上市,1946631
2026-09-17,1477,上市,1369161
2026-09-18,1477,上市,2075757
2026-09-21,1477,上市,2075757
2026-09-14,1503,上市,2304098
2026-09-15,1503,上市,839563
2026-09-16,1503,上市,657655
2026-09-17,1503,上市,795159
2026-09-18,1503,上市,1106082
2026-09-21,1503,上市,1106082
2026-09-14,1504,上市,8281276
2026-09-15,1504,上市,3641620
2026-09-16,1504,上市,5463569
2026-09-17,1504,上市,4233525
2026-09-18,1504,上市,8408962
2026-09-21,1504,上市,8408962
2026-09-14,1513,上市,1280629
2026-09-15,1513,上市,1255434
2026-09-16,1513,上市,1473069
2026-09-17,1513,上市,1750471
2026-09-18,1513,上市,2736864
2026-09-21,1513,上市,2736864
2026-09-14,1519,上市,1792604
2026-09-15,1519,上市,1232165
2026-09-16,1519,上市,753594
2026-09-17,1519,上市,618004
2026-09-18,1519,上市,1379950
2026-09-21,1519,上市,1379950
2026-09-14,1536,上市,740053
2026-09-15,1536,上市,1446637
2026-09-16,1536,上市,1697948
2026-09-17,1536,上市,878684
2026-09-18,1536,上市,1030923
2026-09-21,1536,上市,1030923
2026-09-14,1560,上市,2027263
2026-09-15,1560,上市,702383
2026-09-16,1560,上市,672723
2026-09-17,1560,上市,3169755
2026-09-18,1560,上市,6133920
2026-09-21,1560,上市,6133920
2026-09-14,1565,上櫃,76000
2026-09-15,1565,上櫃,129000
2026-09-16,1565,上櫃,119000
2026-09-17,1565,上櫃,118000
2026-09-18,1565,上櫃,236000
2026-09-21,1565,上櫃,104055
2026-09-14,1590,上市,455226
2026-09-15,1590,上市,445567
2026-09-16,1590,上市,917020
2026-09-17,1590,上市,1181757
2026-09-18,1590,上市,1438559
2026-09-21,1590,上市,1438559
2026-09-14,1605,上市,15139205
2026-09-15,1605,上市,12337053
2026-09-16,1605,上市,9678848
2026-09-17,1605,上市,9490729
2026-09-18,1605,上市,31559223
2026-09-21,1605,上市,31559223
2026-09-14,1608,上市,1335613
2026-09-15,1608,上市,1271056
2026-09-16,1608,上市,1542296
2026-09-17,1608,上市,1226319
2026-09-18,1608,上市,1596792
2026-09-21,1608,上市,1596792
2026-09-14,1609,上市,1877979
2026-09-15,1609,上市,1529214
2026-09-16,1609,上市,1490732
2026-09-17,1609,上市,3791122
2026-09-18,1609,上市,3295843
2026-09-21,1609,上市,3295843
2026-09-14,1717,上市,8551098
2026-09-15,1717,上市,4705926
2026-09-16,1717,上市,7073755
2026-09-17,1717,上市,6176640
2026-09-18,1717,上市,6856264
2026-09-21,1717,上市,6856264
2026-09-14,1718,上市,10779539
2026-09-15,1718,上市,6493005
2026-09-16,1718,上市,6566522
2026-09-17,1718,上市,20789291
2026-09-18,1718,上市,13481923
2026-09-21,1718,上市,13481923
2026-09-14,1722,上市,3543050
2026-09-15,1722,上市,3554623
2026-09-16,1722,上市,2620903
2026-09-17,1722,上市,2303922
2026-09-18,1722,上市,2823597
2026-09-21,1722,上市,2823597
2026-09-14,1795,上市,542369
2026-09-15,1795,上市,725132
2026-09-16,1795,上市,875931
2026-09-17,1795,上市,772740
2026-09-18,1795,上市,672438
2026-09-21,1795,上市,672438
2026-09-14,1802,上市,11772428
2026-09-15,1802,上市,10001475
2026-09-16,1802,上市,12004130
2026-09-17,1802,上市,23405436
2026-09-18,1802,上市,33184205
2026-09-21,1802,上市,33184205
2026-09-14,1904,上市,1227068
2026-09-15,1904,上市,1308734
2026-09-16,1904,上市,2904506
2026-09-17,1904,上市,1307142
2026-09-18,1904,上市,1038643
2026-09-21,1904,上市,1038643
2026-09-14,1905,上市,1139329
2026-09-15,1905,上市,1357003
2026-09-16,1905,上市,3228321
2026-09-17,1905,上市,1824107
2026-09-18,1905,上市,2071205
2026-09-21,1905,上市,2071205
2026-09-14,1907,上市,697691
2026-09-15,1907,上市,561160
2026-09-16,1907,上市,547293
2026-09-17,1907,上市,1248099
2026-09-18,1907,上市,820772
2026-09-21,1907,上市,820772
2026-09-14,1909,上市,1736881
2026-09-15,1909,上市,1943300
2026-09-16,1909,上市,5104456
2026-09-17,1909,上市,1752256
2026-09-18,1909,上市,1400753
2026-09-21,1909,上市,1400753
2026-09-14,2002,上市,24252702
2026-09-15,2002,上市,30609530
2026-09-16,2002,上市,26366296
2026-09-17,2002,上市,17570221
2026-09-18,2002,上市,25507630
2026-09-21,2002,上市,25507630
2026-09-14,2006,上市,785685
2026-09-15,2006,上市,1149181
2026-09-16,2006,上市,1894701
2026-09-17,2006,上市,4340270
2026-09-18,2006,上市,4908459
2026-09-21,2006,上市,4908459
2026-09-14,2027,上市,9155087
2026-09-15,2027,上市,12037554
2026-09-16,2027,上市,14323752
2026-09-17,2027,上市,10660209
2026-09-18,2027,上市,12398697
2026-09-21,2027,上市,12398697
2026-09-14,2049,上市,9175490
2026-09-15,2049,上市,5290726
2026-09-16,2049,上市,2282437
2026-09-17,2049,上市,2515565
2026-09-18,2049,上市,2691002
2026-09-21,2049,上市,2691002
2026-09-14,2059,上市,240070
2026-09-15,2059,上市,211570
2026-09-16,2059,上市,454477
2026-09-17,2059,上市,453913
2026-09-18,2059,上市,486160
2026-09-21,2059,上市,486160
2026-09-14,2105,上市,3420958
2026-09-15,2105,上市,4049274
2026-09-16,2105,上市,8791079
2026-09-17,2105,上市,3040799
2026-09-18,2105,上市,6716662
2026-09-21,2105,上市,6716662
2026-09-14,2201,上市,4054465
2026-09-15,2201,上市,2929514
2026-09-16,2201,上市,2280778
2026-09-17,2201,上市,3280401
2026-09-18,2201,上市,14231607
2026-09-21,2201,上市,14231607
2026-09-14,2231,上市,84667
2026-09-15,2231,上市,84419
2026-09-16,2231,上市,76899
2026-09-17,2231,上市,87381
2026-09-18,2231,上市,158943
2026-09-21,2231,上市,158943
2026-09-14,2301,上市,12338615
2026-09-15,2301,上市,17907973
2026-09-16,2301,上市,13634786
2026-09-17,2301,上市,10539679
2026-09-18,2301,上市,24262502
2026-09-21,2301,上市,24262502
2026-09-14,2303,上市,132513207
2026-09-15,2303,上市,102009653
2026-09-16,2303,上市,117165966
2026-09-17,2303,上市,256821287
2026-09-18,2303,上市,306815637
2026-09-21,2303,上市,306815637
2026-09-14,2308,上市,9470308
2026-09-15,2308,上市,14802962
2026-09-16,2308,上市,10673726
2026-09-17,2308,上市,10796328
2026-09-18,2308,上市,13051318
2026-09-21,2308,上市,13051318
2026-09-14,2312,上市,8796329
2026-09-15,2312,上市,8006946
2026-09-16,2312,上市,10732941
2026-09-17,2312,上市,8741145
2026-09-18,2312,上市,7988144
2026-09-21,2312,上市,7988144
2026-09-14,2313,上市,13242484
2026-09-15,2313,上市,11772158
2026-09-16,2313,上市,18970240
2026-09-17,2313,上市,30339891
2026-09-18,2313,上市,29688041
2026-09-21,2313,上市,29688041
2026-09-14,2317,上市,25260973
2026-09-15,2317,上市,15812094
2026-09-16,2317,上市,19737377
2026-09-17,2317,上市,26522419
2026-09-18,2317,上市,44803117
2026-09-21,2317,上市,44803117
2026-09-14,2323,上市,3634402
2026-09-15,2323,上市,3498973
2026-09-16,2323,上市,2707759
2026-09-17,2323,上市,5535867
2026-09-18,2323,上市,4985357
2026-09-21,2323,上市,4985357
2026-09-14,2324,上市,39727054
2026-09-15,2324,上市,46454725
2026-09-16,2324,上市,22476027
2026-09-17,2324,上市,25735494
2026-09-18,2324,上市,52193788
2026-09-21,2324,上市,52193788
2026-09-14,2327,上市,22504178
2026-09-15,2327,上市,22575963
2026-09-16,2327,上市,27854767
2026-09-17,2327,上市,22992927
2026-09-18,2327,上市,26963850
2026-09-21,2327,上市,26963850
2026-09-14,2328,上市,1172502
2026-09-15,2328,上市,1828166
2026-09-16,2328,上市,1289323
2026-09-17,2328,上市,1158324
2026-09-18,2328,上市,1897340
2026-09-21,2328,上市,1897340
2026-09-14,2329,上市,1594756
2026-09-15,2329,上市,1213027
2026-09-16,2329,上市,2165182
2026-09-17,2329,上市,2682148
2026-09-18,2329,上市,6081911
2026-09-21,2329,上市,6081911
2026-09-14,2330,上市,21520958
2026-09-15,2330,上市,15215752
2026-09-16,2330,上市,20919285
2026-09-17,2330,上市,18116974
2026-09-18,2330,上市,40892688
2026-09-21,2330,上市,40892688
2026-09-14,2331,上市,676819
2026-09-15,2331,上市,728374
2026-09-16,2331,上市,1346881
2026-09-17,2331,上市,1586624
2026-09-18,2331,上市,855006
2026-09-21,2331,上市,855006
2026-09-14,2332,上市,6382308
2026-09-15,2332,上市,8493922
2026-09-16,2332,上市,11634426
2026-09-17,2332,上市,6289312
2026-09-18,2332,上市,4549287
2026-09-21,2332,上市,4549287
2026-09-14,2337,上市,22286124
2026-09-15,2337,上市,28359737
2026-09-16,2337,上市,22351849
2026-09-17,2337,上市,29307672
2026-09-18,2337,上市,64768504
2026-09-21,2337,上市,64768504
2026-09-14,2338,上市,55395670
2026-09-15,2338,上市,29585483
2026-09-16,2338,上市,26655259
2026-09-17,2338,上市,56292754
2026-09-18,2338,上市,23519369
2026-09-21,2338,上市,23519369
2026-09-14,2340,上市,3265244
2026-09-15,2340,上市,1931697
2026-09-16,2340,上市,4536464
2026-09-17,2340,上市,2641617
2026-09-18,2340,上市,3839465
2026-09-21,2340,上市,3839465
2026-09-14,2344,上市,123411883
2026-09-15,2344,上市,71179694
2026-09-16,2344,上市,83218538
2026-09-17,2344,上市,120007010
2026-09-18,2344,上市,138585216
2026-09-21,2344,上市,138585216
2026-09-14,2345,上市,3068576
2026-09-15,2345,上市,2272078
2026-09-16,2345,上市,3116998
2026-09-17,2345,上市,4448162
2026-09-18,2345,上市,5848473
2026-09-21,2345,上市,5848473
2026-09-14,2347,上市,1958179
2026-09-15,2347,上市,2705824
2026-09-16,2347,上市,3211283
2026-09-17,2347,上市,2713697
2026-09-18,2347,上市,3513180
2026-09-21,2347,上市,3513180
2026-09-14,2352,上市,4629908
2026-09-15,2352,上市,3647989
2026-09-16,2352,上市,5900535
2026-09-17,2352,上市,6215571
2026-09-18,2352,上市,4537456
2026-09-21,2352,上市,4537456
2026-09-14,2353,上市,11658204
2026-09-15,2353,上市,9020306
2026-09-16,2353,上市,18042980
2026-09-17,2353,上市,19345151
2026-09-18,2353,上市,24075941
2026-09-21,2353,上市,24075941
2026-09-14,2354,上市,8630064
2026-09-15,2354,上市,6936955
2026-09-16,2354,上市,6149398
2026-09-17,2354,上市,25062428
2026-09-18,2354,上市,14437974
2026-09-21,2354,上市,14437974
2026-09-14,2355,上市,945997
2026-09-15,2355,上市,1165926
2026-09-16,2355,上市,1128035
2026-09-17,2355,上市,2293520
2026-09-18,2355,上市,1383545
2026-09-21,2355,上市,1383545
2026-09-14,2356,上市,8218311
2026-09-15,2356,上市,9229037
2026-09-16,2356,上市,8635681
2026-09-17,2356,上市,7811109
2026-09-18,2356,上市,22101084
2026-09-21,2356,上市,22101084
2026-09-14,2357,上市,2899208
2026-09-15,2357,上市,2598522
2026-09-16,2357,上市,2547613
2026-09-17,2357,上市,3407956
2026-09-18,2357,上市,4548145
2026-09-21,2357,上市,4548145
2026-09-14,2360,上市,1183735
2026-09-15,2360,上市,985458
2026-09-16,2360,上市,1119387
2026-09-17,2360,上市,1269378
2026-09-18,2360,上市,2681171
2026-09-21,2360,上市,2681171
2026-09-14,2367,上市,2848739
2026-09-15,2367,上市,2130451
2026-09-16,2367,上市,2308835
2026-09-17,2367,上市,5741233
2026-09-18,2367,上市,3110152
2026-09-21,2367,上市,3110152
2026-09-14,2368,上市,4733419
2026-09-15,2368,上市,6666940
2026-09-16,2368,上市,5363645
2026-09-17,2368,上市,13646634
2026-09-18,2368,上市,11142009
2026-09-21,2368,上市,11142009
2026-09-14,2371,上市,8675389
2026-09-15,2371,上市,7713128
2026-09-16,2371,上市,5338154
2026-09-17,2371,上市,31989217
2026-09-18,2371,上市,22977802
2026-09-21,2371,上市,22977802
2026-09-14,2376,上市,2974248
2026-09-15,2376,上市,2237694
2026-09-16,2376,上市,4050554
2026-09-17,2376,上市,4850854
2026-09-18,2376,上市,6645773
2026-09-21,2376,上市,6645773
2026-09-14,2377,上市,7169742
2026-09-15,2377,上市,3410222
2026-09-16,2377,上市,6238224
2026-09-17,2377,上市,6751254
2026-09-18,2377,上市,7158499
2026-09-21,2377,上市,7158499
2026-09-14,2379,上市,2719038
2026-09-15,2379,上市,1859893
2026-09-16,2379,上市,2540007
2026-09-17,2379,上市,3100032
2026-09-18,2379,上市,2568530
2026-09-21,2379,上市,2568530
2026-09-14,2382,上市,8031414
2026-09-15,2382,上市,7988351
2026-09-16,2382,上市,16995268
2026-09-17,2382,上市,16289321
2026-09-18,2382,上市,21601445
2026-09-21,2382,上市,21601445
2026-09-14,2383,上市,1226363
2026-09-15,2383,上市,1525730
2026-09-16,2383,上市,1686031
2026-09-17,2383,上市,5813349
2026-09-18,2383,上市,3783127
2026-09-21,2383,上市,3783127
2026-09-14,2385,上市,1337247
2026-09-15,2385,上市,1455229
2026-09-16,2385,上市,2414053
2026-09-17,2385,上市,2372980
2026-09-18,2385,上市,6299012
2026-09-21,2385,上市,6299012
2026-09-14,2388,上市,2929348
2026-09-15,2388,上市,3721940
2026-09-16,2388,上市,2250709
2026-09-17,2388,上市,4760943
2026-09-18,2388,上市,2818265
2026-09-21,2388,上市,2818265
2026-09-14,2392,上市,1985279
2026-09-15,2392,上市,1985053
2026-09-16,2392,上市,1933367
2026-09-17,2392,上市,1560844
2026-09-18,2392,上市,1624174
2026-09-21,2392,上市,1624174
2026-09-14,2393,上市,877525
2026-09-15,2393,上市,516010
2026-09-16,2393,上市,1856784
2026-09-17,2393,上市,1435863
2026-09-18,2393,上市,2793120
2026-09-21,2393,上市,2793120
2026-09-14,2395,上市,2641185
2026-09-15,2395,上市,3502426
2026-09-16,2395,上市,2260135
2026-09-17,2395,上市,3120413
2026-09-18,2395,上市,3490854
2026-09-21,2395,上市,3490854
2026-09-14,2401,上市,1546162
2026-09-15,2401,上市,1721054
2026-09-16,2401,上市,1394388
2026-09-17,2401,上市,2242550
2026-09-18,2401,上市,3184304
2026-09-21,2401,上市,3184304
2026-09-14,2404,上市,976489
2026-09-15,2404,上市,965057
2026-09-16,2404,上市,746369
2026-09-17,2404,上市,636296
2026-09-18,2404,上市,3305776
2026-09-21,2404,上市,3305776
2026-09-14,2408,上市,49215000
2026-09-15,2408,上市,34239430
2026-09-16,2408,上市,36437142
2026-09-17,2408,上市,44996045
2026-09-18,2408,上市,79512606
2026-09-21,2408,上市,79512606
2026-09-14,2409,上市,311779520
2026-09-15,2409,上市,238024652
2026-09-16,2409,上市,262801666
2026-09-17,2409,上市,368721904
2026-09-18,2409,上市,348900833
2026-09-21,2409,上市,348900833
2026-09-14,2412,上市,18796712
2026-09-15,2412,上市,16914018
2026-09-16,2412,上市,14825696
2026-09-17,2412,上市,15263938
2026-09-18,2412,上市,28080563
2026-09-21,2412,上市,28080563
2026-09-14,2421,上市,2126649
2026-09-15,2421,上市,2719238
2026-09-16,2421,上市,1439873
2026-09-17,2421,上市,2197326
2026-09-18,2421,上市,3294198
2026-09-21,2421,上市,3294198
2026-09-14,2439,上市,629205
2026-09-15,2439,上市,920480
2026-09-16,2439,上市,879449
2026-09-17,2439,上市,1577799
2026-09-18,2439,上市,1055817
2026-09-21,2439,上市,1055817
2026-09-14,2441,上市,2675752
2026-09-15,2441,上市,6099917
2026-09-16,2441,上市,2201806
2026-09-17,2441,上市,5169729
2026-09-18,2441,上市,6324258
2026-09-21,2441,上市,6324258
2026-09-14,2449,上市,11531077
2026-09-15,2449,上市,7605273
2026-09-16,2449,上市,7774589
2026-09-17,2449,上市,15860463
2026-09-18,2449,上市,61177949
2026-09-21,2449,上市,61177949
2026-09-14,2454,上市,6122500
2026-09-15,2454,上市,6209254
2026-09-16,2454,上市,6640865
2026-09-17,2454,上市,6495763
2026-09-18,2454,上市,10365174
2026-09-21,2454,上市,10365174
2026-09-14,2455,上市,1719569
2026-09-15,2455,上市,1671642
2026-09-16,2455,上市,19718194
2026-09-17,2455,上市,28618653
2026-09-18,2455,上市,20026752
2026-09-21,2455,上市,20026752
2026-09-14,2457,上市,692782
2026-09-15,2457,上市,1203973
2026-09-16,2457,上市,623383
2026-09-17,2457,上市,1173581
2026-09-18,2457,上市,1285572
2026-09-21,2457,上市,1285572
2026-09-14,2458,上市,1181243
2026-09-15,2458,上市,724849
2026-09-16,2458,上市,756459
2026-09-17,2458,上市,904593
2026-09-18,2458,上市,1542845
2026-09-21,2458,上市,1542845
2026-09-14,2474,上市,1528502
2026-09-15,2474,上市,1707551
2026-09-16,2474,上市,2887644
2026-09-17,2474,上市,3204951
2026-09-18,2474,上市,4943724
2026-09-21,2474,上市,4943724
2026-09-14,2481,上市,61139738
2026-09-15,2481,上市,58386182
2026-09-16,2481,上市,62194518
2026-09-17,2481,上市,67322321
2026-09-18,2481,上市,39944652
2026-09-21,2481,上市,39944652
2026-09-14,2485,上市,1286214
2026-09-15,2485,上市,1328003
2026-09-16,2485,上市,1623960
2026-09-17,2485,上市,4014575
2026-09-18,2485,上市,1448945
2026-09-21,2485,上市,1448945
2026-09-14,2486,上市,3668068
2026-09-15,2486,上市,3063177
2026-09-16,2486,上市,2991564
2026-09-17,2486,上市,3144822
2026-09-18,2486,上市,3776310
2026-09-21,2486,上市,3776310
2026-09-14,2489,上市,20867390
2026-09-15,2489,上市,15674743
2026-09-16,2489,上市,36281643
2026-09-17,2489,上市,123007380
2026-09-18,2489,上市,79748448
2026-09-21,2489,上市,79748448
2026-09-14,2492,上市,28422433
2026-09-15,2492,上市,21610352
2026-09-16,2492,上市,15103377
2026-09-17,2492,上市,21642767
2026-09-18,2492,上市,15512592
2026-09-21,2492,上市,15512592
2026-09-14,2498,上市,1741906
2026-09-15,2498,上市,2667623
2026-09-16,2498,上市,3120072
2026-09-17,2498,上市,4471663
2026-09-18,2498,上市,10516652
2026-09-21,2498,上市,10516652
2026-09-14,2515,上市,2318466
2026-09-15,2515,上市,5105437
2026-09-16,2515,上市,1890579
2026-09-17,2515,上市,12829832
2026-09-18,2515,上市,16630954
2026-09-21,2515,上市,16630954
2026-09-14,2520,上市,988774
2026-09-15,2520,上市,1083142
2026-09-16,2520,上市,1386974
2026-09-17,2520,上市,2928562
2026-09-18,2520,上市,5226464
2026-09-21,2520,上市,5226464
2026-09-14,2542,上市,8970322
2026-09-15,2542,上市,9711683
2026-09-16,2542,上市,11786811
2026-09-17,2542,上市,12055585
2026-09-18,2542,上市,25349766
2026-09-21,2542,上市,25349766
2026-09-14,2548,上市,1321028
2026-09-15,2548,上市,1610583
2026-09-16,2548,上市,783756
2026-09-17,2548,上市,902582
2026-09-18,2548,上市,4428034
2026-09-21,2548,上市,4428034
2026-09-14,2603,上市,12908688
2026-09-15,2603,上市,6962846
2026-09-16,2603,上市,12583031
2026-09-17,2603,上市,8766454
2026-09-18,2603,上市,10734765
2026-09-21,2603,上市,10734765
2026-09-14,2605,上市,6995523
2026-09-15,2605,上市,8993430
2026-09-16,2605,上市,12864086
2026-09-17,2605,上市,14491606
2026-09-18,2605,上市,9451516
2026-09-21,2605,上市,9451516
2026-09-14,2606,上市,2841174
2026-09-15,2606,上市,4503726
2026-09-16,2606,上市,5725760
2026-09-17,2606,上市,3653421
2026-09-18,2606,上市,2655269
2026-09-21,2606,上市,2655269
2026-09-14,2609,上市,30195141
2026-09-15,2609,上市,22032722
2026-09-16,2609,上市,41409617
2026-09-17,2609,上市,41269391
2026-09-18,2609,上市,47583928
2026-09-21,2609,上市,47583928
2026-09-14,2610,上市,7960868
2026-09-15,2610,上市,22908902
2026-09-16,2610,上市,12213671
2026-09-17,2610,上市,14343844
2026-09-18,2610,上市,24511612
2026-09-21,2610,上市,24511612
2026-09-14,2615,上市,13184172
2026-09-15,2615,上市,8078477
2026-09-16,2615,上市,25797544
2026-09-17,2615,上市,18631521
2026-09-18,2615,上市,30550377
2026-09-21,2615,上市,30550377
2026-09-14,2618,上市,10793404
2026-09-15,2618,上市,20290683
2026-09-16,2618,上市,10972884
2026-09-17,2618,上市,16921237
2026-09-18,2618,上市,33904689
2026-09-21,2618,上市,33904689
2026-09-14,2633,上市,2519526
2026-09-15,2633,上市,4195719
2026-09-16,2633,上市,4834935
2026-09-17,2633,上市,3639848
2026-09-18,2633,上市,18318009
2026-09-21,2633,上市,18318009
2026-09-14,2634,上市,9453539
2026-09-15,2634,上市,7430842
2026-09-16,2634,上市,10249412
2026-09-17,2634,上市,7679237
2026-09-18,2634,上市,4526748
2026-09-21,2634,上市,4526748
2026-09-14,2801,上市,54168016
2026-09-15,2801,上市,38455068
2026-09-16,2801,上市,40587271
2026-09-17,2801,上市,55925715
2026-09-18,2801,上市,45992866
2026-09-21,2801,上市,45992866
2026-09-14,2834,上市,73515266
2026-09-15,2834,上市,42777943
2026-09-16,2834,上市,29664934
2026-09-17,2834,上市,62652493
2026-09-18,2834,上市,80602711
2026-09-21,2834,上市,80602711
2026-09-14,2880,上市,11333629
2026-09-15,2880,上市,15252989
2026-09-16,2880,上市,18245339
2026-09-17,2880,上市,16181633
2026-09-18,2880,上市,35776337
2026-09-21,2880,上市,35776337
2026-09-14,2881,上市,19008138
2026-09-15,2881,上市,15894184
2026-09-16,2881,上市,20793317
2026-09-17,2881,上市,14045882
2026-09-18,2881,上市,28248424
2026-09-21,2881,上市,28248424
2026-09-14,2882,上市,18700175
2026-09-15,2882,上市,16604431
2026-09-16,2882,上市,27370591
2026-09-17,2882,上市,19698413
2026-09-18,2882,上市,43826072
2026-09-21,2882,上市,43826072
2026-09-14,2883,上市,43390833
2026-09-15,2883,上市,54357732
2026-09-16,2883,上市,44169972
2026-09-17,2883,上市,47181728
2026-09-18,2883,上市,84041486
2026-09-21,2883,上市,84041486
2026-09-14,2884,上市,42521670
2026-09-15,2884,上市,35427709
2026-09-16,2884,上市,41914863
2026-09-17,2884,上市,51011663
2026-09-18,2884,上市,91400807
2026-09-21,2884,上市,91400807
2026-09-14,2885,上市,15209396
2026-09-15,2885,上市,23441138
2026-09-16,2885,上市,14347692
2026-09-17,2885,上市,24272039
2026-09-18,2885,上市,51889026
2026-09-21,2885,上市,51889026
2026-09-14,2886,上市,22519207
2026-09-15,2886,上市,20370352
2026-09-16,2886,上市,26462696
2026-09-17,2886,上市,24220366
2026-09-18,2886,上市,47531956
2026-09-21,2886,上市,47531956
2026-09-14,2887,上市,41755970
2026-09-15,2887,上市,43388044
2026-09-16,2887,上市,64631663
2026-09-17,2887,上市,61871541
2026-09-18,2887,上市,139346857
2026-09-21,2887,上市,139346857
2026-09-14,2890,上市,31277251
2026-09-15,2890,上市,26932735
2026-09-16,2890,上市,39272275
2026-09-17,2890,上市,36030980
2026-09-18,2890,上市,52002471
2026-09-21,2890,上市,52002471
2026-09-14,2891,上市,28023152
2026-09-15,2891,上市,59318127
2026-09-16,2891,上市,50439678
2026-09-17,2891,上市,43768969
2026-09-18,2891,上市,75667472
2026-09-21,2891,上市,75667472
2026-09-14,2892,上市,37037261
2026-09-15,2892,上市,30707411
2026-09-16,2892,上市,24115235
2026-09-17,2892,上市,32824142
2026-09-18,2892,上市,52942496
2026-09-21,2892,上市,52942496
2026-09-14,2913,上市,621615
2026-09-15,2913,上市,651398
2026-09-16,2913,上市,491142
2026-09-17,2913,上市,1452874
2026-09-18,2913,上市,3068939
2026-09-21,2913,上市,3068939
2026-09-14,2915,上市,1420228
2026-09-15,2915,上市,867924
2026-09-16,2915,上市,2441861
2026-09-17,2915,上市,3128197
2026-09-18,2915,上市,2609847
2026-09-21,2915,上市,2609847
2026-09-14,3005,上市,2806961
2026-09-15,3005,上市,1588708
2026-09-16,3005,上市,1479672
2026-09-17,3005,上市,3131786
2026-09-18,3005,上市,1692787
2026-09-21,3005,上市,1692787
2026-09-14,3006,上市,13743680
2026-09-15,3006,上市,9092194
2026-09-16,3006,上市,12191590
2026-09-17,3006,上市,11004816
2026-09-18,3006,上市,14291230
2026-09-21,3006,上市,14291230
2026-09-14,3008,上市,2655512
2026-09-15,3008,上市,2988683
2026-09-16,3008,上市,2427181
2026-09-17,3008,上市,2145354
2026-09-18,3008,上市,2850571
2026-09-21,3008,上市,2850571
2026-09-14,3017,上市,2215371
2026-09-15,3017,上市,3217593
2026-09-16,3017,上市,2744795
2026-09-17,3017,上市,3034388
2026-09-18,3017,上市,3785048
2026-09-21,3017,上市,3785048
2026-09-14,3019,上市,3299341
2026-09-15,3019,上市,2307775
2026-09-16,3019,上市,6039368
2026-09-17,3019,上市,2606065
2026-09-18,3019,上市,2259857
2026-09-21,3019,上市,2259857
2026-09-14,3034,上市,3546048
2026-09-15,3034,上市,3608523
2026-09-16,3034,上市,2987298
2026-09-17,3034,上市,2264012
2026-09-18,3034,上市,4760155
2026-09-21,3034,上市,4760155
2026-09-14,3035,上市,2897724
2026-09-15,3035,上市,1298444
2026-09-16,3035,上市,1179558
2026-09-17,3035,上市,3654978
2026-09-18,3035,上市,9197865
2026-09-21,3035,上市,9197865
2026-09-14,3036,上市,3964216
2026-09-15,3036,上市,7214663
2026-09-16,3036,上市,7596677
2026-09-17,3036,上市,18950036
2026-09-18,3036,上市,12750358
2026-09-21,3036,上市,12750358
2026-09-14,3037,上市,13143338
2026-09-15,3037,上市,9646657
2026-09-16,3037,上市,11860204
2026-09-17,3037,上市,16743181
2026-09-18,3037,上市,14576719
2026-09-21,3037,上市,14576719
2026-09-14,3042,上市,6149550
2026-09-15,3042,上市,8407802
2026-09-16,3042,上市,13592217
2026-09-17,3042,上市,12530454
2026-09-18,3042,上市,10365783
2026-09-21,3042,上市,10365783
2026-09-14,3044,上市,2844808
2026-09-15,3044,上市,2732822
2026-09-16,3044,上市,3359354
2026-09-17,3044,上市,4794495
2026-09-18,3044,上市,4722978
2026-09-21,3044,上市,4722978
2026-09-14,3045,上市,4598994
2026-09-15,3045,上市,10604689
2026-09-16,3045,上市,8257070
2026-09-17,3045,上市,5985415
2026-09-18,3045,上市,18171327
2026-09-21,3045,上市,18171327
2026-09-14,3078,上櫃,357000
2026-09-15,3078,上櫃,339000
2026-09-16,3078,上櫃,1075000
2026-09-17,3078,上櫃,486000
2026-09-18,3078,上櫃,801000
2026-09-21,3078,上櫃,1013026
2026-09-14,3081,上櫃,2614000
2026-09-15,3081,上櫃,2210000
2026-09-16,3081,上櫃,5534000
2026-09-17,3081,上櫃,4058000
2026-09-18,3081,上櫃,3166000
2026-09-21,3081,上櫃,2735599
2026-09-14,3105,上櫃,13412000
2026-09-15,3105,上櫃,35312000
2026-09-16,3105,上櫃,28852000
2026-09-17,3105,上櫃,46836000
2026-09-18,3105,上櫃,43288000
2026-09-21,3105,上櫃,23656194
2026-09-14,3152,上櫃,49000
2026-09-15,3152,上櫃,51000
2026-09-16,3152,上櫃,77000
2026-09-17,3152,上櫃,90000
2026-09-18,3152,上櫃,62000
2026-09-21,3152,上櫃,52357
2026-09-14,3189,上市,11217499
2026-09-15,3189,上市,7509520
2026-09-16,3189,上市,10957053
2026-09-17,3189,上市,15730754
2026-09-18,3189,上市,18317821
2026-09-21,3189,上市,18317821
2026-09-14,3211,上櫃,2313000
2026-09-15,3211,上櫃,1875000
2026-09-16,3211,上櫃,2578000
2026-09-17,3211,上櫃,2265000
2026-09-18,3211,上櫃,1570000
2026-09-21,3211,上櫃,8930051
2026-09-14,3227,上櫃,499000
2026-09-15,3227,上櫃,518000
2026-09-16,3227,上櫃,447000
2026-09-17,3227,上櫃,659000
2026-09-18,3227,上櫃,598000
2026-09-21,3227,上櫃,550243
2026-09-14,3231,上市,36189051
2026-09-15,3231,上市,21186201
2026-09-16,3231,上市,32629615
2026-09-17,3231,上市,31292426
2026-09-18,3231,上市,44060071
2026-09-21,3231,上市,44060071
2026-09-14,3260,上櫃,4422000
2026-09-15,3260,上櫃,5888000
2026-09-16,3260,上櫃,3285000
2026-09-17,3260,上櫃,3486000
2026-09-18,3260,上櫃,6708000
2026-09-21,3260,上櫃,4765216
2026-09-14,3264,上櫃,5193000
2026-09-15,3264,上櫃,4528000
2026-09-16,3264,上櫃,3470000
2026-09-17,3264,上櫃,20984000
2026-09-18,3264,上櫃,28853000
2026-09-21,3264,上櫃,27190269
2026-09-14,3293,上櫃,743000
2026-09-15,3293,上櫃,802000
2026-09-16,3293,上櫃,1133000
2026-09-17,3293,上櫃,1994000
2026-09-18,3293,上櫃,4085000
2026-09-21,3293,上櫃,1111363
2026-09-14,3324,上櫃,883000
2026-09-15,3324,上櫃,4170000
2026-09-16,3324,上櫃,4701000
2026-09-17,3324,上櫃,6331000
2026-09-18,3324,上櫃,8136000
2026-09-21,3324,上櫃,4072868
2026-09-14,3374,上櫃,17313000
2026-09-15,3374,上櫃,7868000
2026-09-16,3374,上櫃,12851000
2026-09-17,3374,上櫃,12866000
2026-09-18,3374,上櫃,13489000
2026-09-21,3374,上櫃,10028683
2026-09-14,3376,上市,8310442
2026-09-15,3376,上市,6133879
2026-09-16,3376,上市,4033824
2026-09-17,3376,上市,2385744
2026-09-18,3376,上市,2503624
2026-09-21,3376,上市,2503624
2026-09-14,3380,上市,2563653
2026-09-15,3380,上市,1117376
2026-09-16,3380,上市,1395282
2026-09-17,3380,上市,2338685
2026-09-18,3380,上市,1524750
2026-09-21,3380,上市,1524750
2026-09-14,3406,上市,4840043
2026-09-15,3406,上市,9449175
2026-09-16,3406,上市,4089353
2026-09-17,3406,上市,10750888
2026-09-18,3406,上市,8014269
2026-09-21,3406,上市,8014269
2026-09-14,3443,上市,2640389
2026-09-15,3443,上市,2199061
2026-09-16,3443,上市,1261412
2026-09-17,3443,上市,2334082
2026-09-18,3443,上市,2735598
2026-09-21,3443,上市,2735598
2026-09-14,3481,上市,108945391
2026-09-15,3481,上市,77381620
2026-09-16,3481,上市,99548905
2026-09-17,3481,上市,140533721
2026-09-18,3481,上市,128581460
2026-09-21,3481,上市,128581460
2026-09-14,3529,上櫃,1270000
2026-09-15,3529,上櫃,881000
2026-09-16,3529,上櫃,523000
2026-09-17,3529,上櫃,1007000
2026-09-18,3529,上櫃,1414000
2026-09-21,3529,上櫃,914462
2026-09-14,3532,上市,5381568
2026-09-15,3532,上市,9430827
2026-09-16,3532,上市,7746606
2026-09-17,3532,上市,9584549
2026-09-18,3532,上市,6778115
2026-09-21,3532,上市,6778115
2026-09-14,3533,上市,719459
2026-09-15,3533,上市,746610
2026-09-16,3533,上市,837111
2026-09-17,3533,上市,841164
2026-09-18,3533,上市,692613
2026-09-21,3533,上市,692613
2026-09-14,3552,上櫃,91000
2026-09-15,3552,上櫃,162000
2026-09-16,3552,上櫃,135000
2026-09-17,3552,上櫃,84000
2026-09-18,3552,上櫃,2884000
2026-09-21,3552,上櫃,1051841
2026-09-14,3653,上市,988731
2026-09-15,3653,上市,2469366
2026-09-16,3653,上市,1608326
2026-09-17,3653,上市,970920
2026-09-18,3653,上市,1052328
2026-09-21,3653,上市,1052328
2026-09-14,3661,上市,2098835
2026-09-15,3661,上市,2699862
2026-09-16,3661,上市,1986894
2026-09-17,3661,上市,3207956
2026-09-18,3661,上市,5093871
2026-09-21,3661,上市,5093871
2026-09-14,3665,上市,2220323
2026-09-15,3665,上市,2594783
2026-09-16,3665,上市,2539303
2026-09-17,3665,上市,3284559
2026-09-18,3665,上市,6471964
2026-09-21,3665,上市,6471964
2026-09-14,3673,上市,4385449
2026-09-15,3673,上市,2301828
2026-09-16,3673,上市,3259727
2026-09-17,3673,上市,2864782
2026-09-18,3673,上市,2447647
2026-09-21,3673,上市,2447647
2026-09-14,3680,上櫃,1157000
2026-09-15,3680,上櫃,1315000
2026-09-16,3680,上櫃,1273000
2026-09-17,3680,上櫃,1980000
2026-09-18,3680,上櫃,1417000
2026-09-21,3680,上櫃,2047803
2026-09-14,3691,上櫃,272000
2026-09-15,3691,上櫃,139000
2026-09-16,3691,上櫃,153000
2026-09-17,3691,上櫃,194000
2026-09-18,3691,上櫃,203000
2026-09-21,3691,上櫃,1070507
2026-09-14,3702,上市,5927398
2026-09-15,3702,上市,4409655
2026-09-16,3702,上市,7003594
2026-09-17,3702,上市,12125324
2026-09-18,3702,上市,14990819
2026-09-21,3702,上市,14990819
2026-09-14,3706,上市,8681870
2026-09-15,3706,上市,7205968
2026-09-16,3706,上市,4322540
2026-09-17,3706,上市,7653188
2026-09-18,3706,上市,5873344
2026-09-21,3706,上市,5873344
2026-09-14,3711,上市,9475938
2026-09-15,3711,上市,14790324
2026-09-16,3711,上市,9509979
2026-09-17,3711,上市,11193901
2026-09-18,3711,上市,27928565
2026-09-21,3711,上市,27928565
2026-09-14,3714,上市,4988883
2026-09-15,3714,上市,3640157
2026-09-16,3714,上市,10803088
2026-09-17,3714,上市,17654106
2026-09-18,3714,上市,18867951
2026-09-21,3714,上市,18867951
2026-09-14,3718,上櫃,5424000
2026-09-15,3718,上櫃,6222000
2026-09-16,3718,上櫃,5315000
2026-09-17,3718,上櫃,3196000
2026-09-18,3718,上櫃,3383000
2026-09-21,3718,上櫃,2748188
2026-09-14,4123,上櫃,889000
2026-09-15,4123,上櫃,1119000
2026-09-16,4123,上櫃,1421000
2026-09-17,4123,上櫃,1122000
2026-09-18,4123,上櫃,1410000
2026-09-21,4123,上櫃,943566
2026-09-14,4128,上櫃,560000
2026-09-15,4128,上櫃,459000
2026-09-16,4128,上櫃,359000
2026-09-17,4128,上櫃,497000
2026-09-18,4128,上櫃,4180000
2026-09-21,4128,上櫃,754900
2026-09-14,4162,上櫃,198000
2026-09-15,4162,上櫃,214000
2026-09-16,4162,上櫃,199000
2026-09-17,4162,上櫃,337000
2026-09-18,4162,上櫃,201000
2026-09-21,4162,上櫃,193445
2026-09-14,4736,上市,183994
2026-09-15,4736,上市,126080
2026-09-16,4736,上市,152975
2026-09-17,4736,上市,322400
2026-09-18,4736,上市,307272
2026-09-21,4736,上市,307272
2026-09-14,4743,上櫃,817000
2026-09-15,4743,上櫃,720000
2026-09-16,4743,上櫃,532000
2026-09-17,4743,上櫃,738000
2026-09-18,4743,上櫃,1340000
2026-09-21,4743,上櫃,765945
2026-09-14,4904,上市,2183218
2026-09-15,4904,上市,4578462
2026-09-16,4904,上市,6256302
2026-09-17,4904,上市,7012403
2026-09-18,4904,上市,12676593
2026-09-21,4904,上市,12676593
2026-09-14,4919,上市,3067421
2026-09-15,4919,上市,2297812
2026-09-16,4919,上市,2771263
2026-09-17,4919,上市,2095303
2026-09-18,4919,上市,6752199
2026-09-21,4919,上市,6752199
2026-09-14,4938,上市,4745706
2026-09-15,4938,上市,7402017
2026-09-16,4938,上市,6698604
2026-09-17,4938,上市,7287528
2026-09-18,4938,上市,9060950
2026-09-21,4938,上市,9060950
2026-09-14,4958,上市,18946773
2026-09-15,4958,上市,19168557
2026-09-16,4958,上市,21886748
2026-09-17,4958,上市,26008525
2026-09-18,4958,上市,29899628
2026-09-21,4958,上市,29899628
2026-09-14,5009,上櫃,1883000
2026-09-15,5009,上櫃,1410000
2026-09-16,5009,上櫃,626000
2026-09-17,5009,上櫃,815000
2026-09-18,5009,上櫃,1723000
2026-09-21,5009,上櫃,944619
2026-09-14,5269,上市,381292
2026-09-15,5269,上市,283562
2026-09-16,5269,上市,1571251
2026-09-17,5269,上市,888674
2026-09-18,5269,上市,775736
2026-09-21,5269,上市,775736
2026-09-14,5274,上櫃,208000
2026-09-15,5274,上櫃,113000
2026-09-16,5274,上櫃,163000
2026-09-17,5274,上櫃,167000
2026-09-18,5274,上櫃,226000
2026-09-21,5274,上櫃,160938
2026-09-14,5347,上櫃,6639000
2026-09-15,5347,上櫃,8697000
2026-09-16,5347,上櫃,7070000
2026-09-17,5347,上櫃,30492000
2026-09-18,5347,上櫃,32000000
2026-09-21,5347,上櫃,16305989
2026-09-14,5388,上市,1233523
2026-09-15,5388,上市,1657783
2026-09-16,5388,上市,1808126
2026-09-17,5388,上市,2093845
2026-09-18,5388,上市,1902797
2026-09-21,5388,上市,1902797
2026-09-14,5425,上櫃,13189000
2026-09-15,5425,上櫃,14639000
2026-09-16,5425,上櫃,25123000
2026-09-17,5425,上櫃,14436000
2026-09-18,5425,上櫃,7140000
2026-09-21,5425,上櫃,3222830
2026-09-14,5457,上櫃,693000
2026-09-15,5457,上櫃,622000
2026-09-16,5457,上櫃,408000
2026-09-17,5457,上櫃,258000
2026-09-18,5457,上櫃,4497000
2026-09-21,5457,上櫃,2707696
2026-09-14,5483,上櫃,6937000
2026-09-15,5483,上櫃,12020000
2026-09-16,5483,上櫃,8853000
2026-09-17,5483,上櫃,18401000
2026-09-18,5483,上櫃,19121000
2026-09-21,5483,上櫃,11450170
2026-09-14,5534,上市,446691
2026-09-15,5534,上市,712436
2026-09-16,5534,上市,543655
2026-09-17,5534,上市,329430
2026-09-18,5534,上市,1632659
2026-09-21,5534,上市,1632659
2026-09-14,5871,上市,5931349
2026-09-15,5871,上市,4767486
2026-09-16,5871,上市,4687527
2026-09-17,5871,上市,3409288
2026-09-18,5871,上市,8033755
2026-09-21,5871,上市,8033755
2026-09-14,5876,上市,9082786
2026-09-15,5876,上市,5628831
2026-09-16,5876,上市,6244581
2026-09-17,5876,上市,6710336
2026-09-18,5876,上市,10090377
2026-09-21,5876,上市,10090377
2026-09-14,5880,上市,22723824
2026-09-15,5880,上市,23217099
2026-09-16,5880,上市,19851298
2026-09-17,5880,上市,20508852
2026-09-18,5880,上市,30844955
2026-09-21,5880,上市,30844955
2026-09-14,5904,上櫃,3294000
2026-09-15,5904,上櫃,3922000
2026-09-16,5904,上櫃,4461000
2026-09-17,5904,上櫃,12779000
2026-09-18,5904,上櫃,5788000
2026-09-21,5904,上櫃,4907233
2026-09-14,6005,上市,3957126
2026-09-15,6005,上市,9479912
2026-09-16,6005,上市,9755873
2026-09-17,6005,上市,6321704
2026-09-18,6005,上市,10227792
2026-09-21,6005,上市,10227792
2026-09-14,6116,上市,24282099
2026-09-15,6116,上市,12653885
2026-09-16,6116,上市,16856838
2026-09-17,6116,上市,18960049
2026-09-18,6116,上市,16464654
2026-09-21,6116,上市,16464654
2026-09-14,6121,上櫃,250000
2026-09-15,6121,上櫃,310000
2026-09-16,6121,上櫃,498000
2026-09-17,6121,上櫃,604000
2026-09-18,6121,上櫃,1747000
2026-09-21,6121,上櫃,603944
2026-09-14,6139,上市,1351218
2026-09-15,6139,上市,2055879
2026-09-16,6139,上市,1697549
2026-09-17,6139,上市,2157163
2026-09-18,6139,上市,4528809
2026-09-21,6139,上市,4528809
2026-09-14,6147,上櫃,41513000
2026-09-15,6147,上櫃,63670000
2026-09-16,6147,上櫃,64262000
2026-09-17,6147,上櫃,70040000
2026-09-18,6147,上櫃,72627000
2026-09-21,6147,上櫃,41149853
2026-09-14,6153,上市,1427385
2026-09-15,6153,上市,1389536
2026-09-16,6153,上市,1245378
2026-09-17,6153,上市,1457086
2026-09-18,6153,上市,4015623
2026-09-21,6153,上市,4015623
2026-09-14,6173,上櫃,25410000
2026-09-15,6173,上櫃,28887000
2026-09-16,6173,上櫃,27771000
2026-09-17,6173,上櫃,25894000
2026-09-18,6173,上櫃,18216000
2026-09-21,6173,上櫃,13526569
2026-09-14,6176,上市,5803862
2026-09-15,6176,上市,1969799
2026-09-16,6176,上市,1338307
2026-09-17,6176,上市,1660971
2026-09-18,6176,上市,3847500
2026-09-21,6176,上市,3847500
2026-09-14,6182,上櫃,17900000
2026-09-15,6182,上櫃,40338000
2026-09-16,6182,上櫃,44614000
2026-09-17,6182,上櫃,58463000
2026-09-18,6182,上櫃,64336000
2026-09-21,6182,上櫃,46173978
2026-09-14,6188,上櫃,591000
2026-09-15,6188,上櫃,448000
2026-09-16,6188,上櫃,693000
2026-09-17,6188,上櫃,536000
2026-09-18,6188,上櫃,678000
2026-09-21,6188,上櫃,476885
2026-09-14,6213,上市,10165821
2026-09-15,6213,上市,11540383
2026-09-16,6213,上市,21280091
2026-09-17,6213,上市,37381131
2026-09-18,6213,上市,22460318
2026-09-21,6213,上市,22460318
2026-09-14,6223,上櫃,522000
2026-09-15,6223,上櫃,612000
2026-09-16,6223,上櫃,397000
2026-09-17,6223,上櫃,747000
2026-09-18,6223,上櫃,741000
2026-09-21,6223,上櫃,1178248
2026-09-14,6239,上市,7089592
2026-09-15,6239,上市,7964169
2026-09-16,6239,上市,6854413
2026-09-17,6239,上市,13168497
2026-09-18,6239,上市,20546917
2026-09-21,6239,上市,20546917
2026-09-14,6245,上櫃,3240000
2026-09-15,6245,上櫃,2029000
2026-09-16,6245,上櫃,792000
2026-09-17,6245,上櫃,946000
2026-09-18,6245,上櫃,702000
2026-09-21,6245,上櫃,2302253
2026-09-14,6257,上市,3119037
2026-09-15,6257,上市,2791002
2026-09-16,6257,上市,3109254
2026-09-17,6257,上市,19035481
2026-09-18,6257,上市,36727856
2026-09-21,6257,上市,36727856
2026-09-14,6269,上市,3565607
2026-09-15,6269,上市,2615223
2026-09-16,6269,上市,2523412
2026-09-17,6269,上市,2709677
2026-09-18,6269,上市,4387337
2026-09-21,6269,上市,4387337
2026-09-14,6271,上市,2105262
2026-09-15,6271,上市,6201502
2026-09-16,6271,上市,2718739
2026-09-17,6271,上市,4871036
2026-09-18,6271,上市,3398861
2026-09-21,6271,上市,3398861
2026-09-14,6274,上櫃,7142000
2026-09-15,6274,上櫃,6447000
2026-09-16,6274,上櫃,6899000
2026-09-17,6274,上櫃,21653000
2026-09-18,6274,上櫃,9241000
2026-09-21,6274,上櫃,11543152
2026-09-14,6278,上市,1629631
2026-09-15,6278,上市,1557487
2026-09-16,6278,上市,2342952
2026-09-17,6278,上市,2460456
2026-09-18,6278,上市,3987784
2026-09-21,6278,上市,3987784
2026-09-14,6279,上櫃,232000
2026-09-15,6279,上櫃,233000
2026-09-16,6279,上櫃,184000
2026-09-17,6279,上櫃,273000
2026-09-18,6279,上櫃,481000
2026-09-21,6279,上櫃,394094
2026-09-14,6282,上市,3148192
2026-09-15,6282,上市,3732535
2026-09-16,6282,上市,3168091
2026-09-17,6282,上市,2951116
2026-09-18,6282,上市,2979422
2026-09-21,6282,上市,2979422
2026-09-14,6285,上市,2139358
2026-09-15,6285,上市,2429329
2026-09-16,6285,上市,4239436
2026-09-17,6285,上市,3711605
2026-09-18,6285,上市,4485576
2026-09-21,6285,上市,4485576
2026-09-14,6290,上櫃,1464000
2026-09-15,6290,上櫃,1629000
2026-09-16,6290,上櫃,2852000
2026-09-17,6290,上櫃,4382000
2026-09-18,6290,上櫃,9008000
2026-09-21,6290,上櫃,3188908
2026-09-14,6414,上市,658353
2026-09-15,6414,上市,882570
2026-09-16,6414,上市,1124779
2026-09-17,6414,上市,1136338
2026-09-18,6414,上市,695350
2026-09-21,6414,上市,695350
2026-09-14,6443,上市,3571378
2026-09-15,6443,上市,3113764
2026-09-16,6443,上市,4067362
2026-09-17,6443,上市,3522880
2026-09-18,6443,上市,10928041
2026-09-21,6443,上市,10928041
2026-09-14,6472,上市,282241
2026-09-15,6472,上市,460996
2026-09-16,6472,上市,410320
2026-09-17,6472,上市,835861
2026-09-18,6472,上市,1690749
2026-09-21,6472,上市,1690749
2026-09-14,6488,上櫃,3954000
2026-09-15,6488,上櫃,7277000
2026-09-16,6488,上櫃,6476000
2026-09-17,6488,上櫃,9793000
2026-09-18,6488,上櫃,15354000
2026-09-21,6488,上櫃,6946339
2026-09-14,6505,上市,26088377
2026-09-15,6505,上市,17586676
2026-09-16,6505,上市,24128549
2026-09-17,6505,上市,36254128
2026-09-18,6505,上市,23493760
2026-09-21,6505,上市,23493760
2026-09-14,6510,上櫃,830000
2026-09-15,6510,上櫃,767000
2026-09-16,6510,上櫃,663000
2026-09-17,6510,上櫃,639000
2026-09-18,6510,上櫃,450000
2026-09-21,6510,上櫃,1404601
2026-09-14,6526,上市,255880
2026-09-15,6526,上市,202854
2026-09-16,6526,上市,398507
2026-09-17,6526,上市,443827
2026-09-18,6526,上市,2751706
2026-09-21,6526,上市,2751706
2026-09-14,6547,上櫃,5796000
2026-09-15,6547,上櫃,2531000
2026-09-16,6547,上櫃,2486000
2026-09-17,6547,上櫃,2311000
2026-09-18,6547,上櫃,4709000
2026-09-21,6547,上櫃,2651679
2026-09-14,6669,上市,1985361
2026-09-15,6669,上市,2767688
2026-09-16,6669,上市,9125545
2026-09-17,6669,上市,5761930
2026-09-18,6669,上市,4839353
2026-09-21,6669,上市,4839353
2026-09-14,6757,上市,299330
2026-09-15,6757,上市,920004
2026-09-16,6757,上市,624216
2026-09-17,6757,上市,398011
2026-09-18,6757,上市,621991
2026-09-21,6757,上市,621991
2026-09-14,6770,上市,90532617
2026-09-15,6770,上市,162022743
2026-09-16,6770,上市,91880819
2026-09-17,6770,上市,119460580
2026-09-18,6770,上市,175587517
2026-09-21,6770,上市,175587517
2026-09-14,8039,上市,14851591
2026-09-15,8039,上市,17266429
2026-09-16,8039,上市,12424803
2026-09-17,8039,上市,22338443
2026-09-18,8039,上市,18951532
2026-09-21,8039,上市,18951532
2026-09-14,8044,上櫃,269000
2026-09-15,8044,上櫃,259000
2026-09-16,8044,上櫃,124000
2026-09-17,8044,上櫃,435000
2026-09-18,8044,上櫃,4015000
2026-09-21,8044,上櫃,858607
2026-09-14,8046,上市,6139066
2026-09-15,8046,上市,7742890
2026-09-16,8046,上市,7955496
2026-09-17,8046,上市,8133171
2026-09-18,8046,上市,10172303
2026-09-21,8046,上市,10172303
2026-09-14,8069,上櫃,3958000
2026-09-15,8069,上櫃,3738000
2026-09-16,8069,上櫃,3873000
2026-09-17,8069,上櫃,5033000
2026-09-18,8069,上櫃,10014000
2026-09-21,8069,上櫃,5338636
2026-09-14,8086,上櫃,1608000
2026-09-15,8086,上櫃,1829000
2026-09-16,8086,上櫃,1877000
2026-09-17,8086,上櫃,3018000
2026-09-18,8086,上櫃,2499000
2026-09-21,8086,上櫃,1663032
2026-09-14,8112,上市,4438980
2026-09-15,8112,上市,3987720
2026-09-16,8112,上市,4889102
2026-09-17,8112,上市,5188936
2026-09-18,8112,上市,4809582
2026-09-21,8112,上市,4809582
2026-09-14,8150,上市,10859992
2026-09-15,8150,上市,11605119
2026-09-16,8150,上市,8426884
2026-09-17,8150,上市,15264426
2026-09-18,8150,上市,41434324
2026-09-21,8150,上市,41434324
2026-09-14,8163,上市,357693
2026-09-15,8163,上市,617702
2026-09-16,8163,上市,478881
2026-09-17,8163,上市,349519
2026-09-18,8163,上市,669921
2026-09-21,8163,上市,669921
2026-09-14,8299,上櫃,2062000
2026-09-15,8299,上櫃,2009000
2026-09-16,8299,上櫃,2818000
2026-09-17,8299,上櫃,2601000
2026-09-18,8299,上櫃,6143000
2026-09-21,8299,上櫃,4591782
2026-09-14,8358,上櫃,33278000
2026-09-15,8358,上櫃,26088000
2026-09-16,8358,上櫃,19871000
2026-09-17,8358,上櫃,29702000
2026-09-18,8358,上櫃,4278000
2026-09-21,8358,上櫃,2345558
2026-09-14,8436,上櫃,280000
2026-09-15,8436,上櫃,326000
2026-09-16,8436,上櫃,1736000
2026-09-17,8436,上櫃,2510000
2026-09-18,8436,上櫃,648000
2026-09-21,8436,上櫃,352995
2026-09-14,8932,上櫃,1609000
2026-09-15,8932,上櫃,2886000
2026-09-16,8932,上櫃,2302000
2026-09-17,8932,上櫃,1194000
2026-09-18,8932,上櫃,2043000
2026-09-21,8932,上櫃,2274734
2026-09-14,9904,上市,7377138
2026-09-15,9904,上市,6567302
2026-09-16,9904,上市,12968117
2026-09-17,9904,上市,14262042
2026-09-18,9904,上市,19788623
2026-09-21,9904,上市,19788623
2026-09-14,9914,上市,3490279
2026-09-15,9914,上市,2615301
2026-09-16,9914,上市,1374165
2026-09-17,9914,上市,1187634
2026-09-18,9914,上市,1808491
2026-09-21,9914,上市,1808491
2026-09-14,9938,上市,1421848
2026-09-15,9938,上市,875487
2026-09-16,9938,上市,866776
2026-09-17,9938,上市,815942
2026-09-18,9938,上市,1438252
2026-09-21,9938,上市,1438252
2026-09-14,9939,上市,779922
2026-09-15,9939,上市,820511
2026-09-16,9939,上市,268156
2026-09-17,9939,上市,338344
2026-09-18,9939,上市,638601
2026-09-21,9939,上市,638601
2026-09-14,9945,上市,2798187
2026-09-15,9945,上市,3583516
2026-09-16,9945,上市,4061805
2026-09-17,9945,上市,10535444
2026-09-18,9945,上市,11972321
2026-09-21,9945,上市,11972321
2026-09-14,9958,上市,867635
2026-09-15,9958,上市,1329255
2026-09-16,9958,上市,5815544
2026-09-17,9958,上市,2073073
2026-09-18,9958,上市,2733414
2026-09-21,9958,上市,2733414
